x	y	cophenetic dS
Smp_303770.1	Smp_318850.1	0.0
Smp_308700.1	Smp_326220.1	19.423
Smp_308700.1	Smp_326230.1	19.423
Smp_326220.1	Smp_326230.1	0.0
Smp_038950.1	Smp_038960.1	0.1103
Smp_026400.1	Smp_349830.1	153.1922
Smp_311250.1	Smp_321740.1	0.06269999999999999
Smp_043300.1	Smp_134460.1	32.1541
Smp_043300.1	Smp_348040.1	0.0813
Smp_134460.1	Smp_348040.1	32.2354
Smp_349920.1	Smp_349940.1	0.0283
Smp_317670.1	Smp_342590.1	247.5998
Smp_058690.1	Smp_058700.1	0.0089
Smp_068920.1	Smp_245240.1	0.0
Smp_305920.1	Smp_308350.1	0.0388
Smp_117390.1	Smp_331940.1	0.0
Smp_301550.1	Smp_326730.1	0.0
Smp_309480.1	Smp_314640.1	0.0
Smp_310770.1	Smp_332290.1	0.0055
Smp_306580.1	Smp_335110.1	0.0036
Smp_314360.1	Smp_332750.1	0.0
Smp_328440.1	Smp_328460.1	0.0
Smp_309980.1	Smp_327270.1	0.32520000000000004
Smp_200820.1	Smp_200840.1	0.0
Smp_200820.1	Smp_200850.1	0.0
Smp_200840.1	Smp_200850.1	0.0
Smp_324330.1	Smp_324340.1	0.0
Smp_324330.1	Smp_324350.1	0.0
Smp_324340.1	Smp_324350.1	0.0
Smp_317520.1	Smp_347320.1	0.0761
Smp_316860.1	Smp_319970.1	0.0
Smp_319420.1	Smp_319430.1	0.0
Smp_319420.1	Smp_319440.1	0.0
Smp_319420.1	Smp_319450.1	0.0
Smp_319420.1	Smp_319460.1	0.0
Smp_319430.1	Smp_319440.1	0.0
Smp_319430.1	Smp_319450.1	0.0
Smp_319430.1	Smp_319460.1	0.0
Smp_319440.1	Smp_319450.1	0.0
Smp_319440.1	Smp_319460.1	0.0
Smp_319450.1	Smp_319460.1	0.0
Smp_151200.1	Smp_151210.1	0.0
Smp_015480.1	Smp_304450.1	0.27449999999999997
Smp_327395.1	Smp_348520.1	0.0004
Smp_002630.1	Smp_159290.1	0.2235
Smp_002630.1	Smp_193680.1	0.1652
Smp_159290.1	Smp_193680.1	0.19269999999999998
Smp_266800.1	Smp_311350.1	0.0
Smp_185680.1	Smp_302350.2	0.0
Smp_312610.1	Smp_312620.1	0.0059
Smp_331530.1	Smp_034100.1	0.0107
Smp_333870.1	Smp_333930.1	0.0534
Smp_333870.1	Smp_334240.1	0.058100000000000006
Smp_333930.1	Smp_334240.1	0.0047
Smp_031020.1	Smp_348770.1	0.1064
Smp_350100.1	Smp_350180.1	0.9836
Smp_152590.1	Smp_330210.1	36.5359
Smp_308630.1	Smp_332420.1	0.0
Smp_328140.1	Smp_328150.1	0.0712
Smp_311890.1	Smp_315980.1	0.0
Smp_242930.1	Smp_266810.1	0.0063
Smp_302270.1	Smp_302280.1	0.0
Smp_302270.1	Smp_302290.1	0.0488
Smp_302270.1	Smp_302320.1	0.1674
Smp_302270.1	Smp_303690.1	0.1674
Smp_302280.1	Smp_302290.1	0.0488
Smp_302280.1	Smp_302320.1	0.1674
Smp_302280.1	Smp_303690.1	0.1674
Smp_302290.1	Smp_302320.1	0.1186
Smp_302290.1	Smp_303690.1	0.1186
Smp_302320.1	Smp_303690.1	0.0
Smp_326450.1	Smp_326460.1	0.0
Smp_326450.1	Smp_326470.1	0.0
Smp_326450.1	Smp_326480.1	0.0
Smp_326460.1	Smp_326470.1	0.0
Smp_326460.1	Smp_326480.1	0.0
Smp_326470.1	Smp_326480.1	0.0
Smp_168450.1	Smp_336080.1	0.0
Smp_323380.1	Smp_337410.1	0.16620000000000001
Smp_309950.1	Smp_309960.1	0.0
Smp_323240.1	Smp_323280.1	0.0279
Smp_303350.1	Smp_323350.1	0.0
Smp_306740.1	Smp_324080.1	1.1017
Smp_319550.1	Smp_319560.1	0.0
Smp_319550.1	Smp_319590.1	0.0
Smp_319560.1	Smp_319590.1	0.0
Smp_303540.1	Smp_031100.1	0.1749
Smp_088700.1	Smp_170420.1	0.0545
Smp_312440.1	Smp_312460.1	0.0043
Smp_333220.1	Smp_334070.1	0.0191
Smp_093790.1	Smp_312650.1	0.0233
Smp_202620.1	Smp_349510.1	0.0294
Smp_109240.1	Smp_114870.1	1.5725
Smp_109240.1	Smp_120020.1	8.3786
Smp_109240.1	Smp_175190.1	3.7916
Smp_114870.1	Smp_120020.1	7.4459
Smp_114870.1	Smp_175190.1	2.8589
Smp_120020.1	Smp_175190.1	9.665000000000001
Smp_317220.1	Smp_317230.1	0.1139
Smp_317220.1	Smp_317250.1	0.11660000000000001
Smp_317220.1	Smp_344740.1	0.2731
Smp_317230.1	Smp_317250.1	0.015899999999999997
Smp_317230.1	Smp_344740.1	0.1724
Smp_317250.1	Smp_344740.1	0.1751
Smp_112110.1	Smp_245390.1	0.0311
Smp_112110.1	Smp_334270.1	0.0311
Smp_112110.1	Smp_334350.1	0.0
Smp_112110.1	Smp_334520.1	0.0
Smp_112110.1	Smp_334590.1	0.0
Smp_112110.1	Smp_334660.1	0.0
Smp_112110.1	Smp_334690.1	0.0
Smp_112110.1	Smp_335410.1	0.0
Smp_112110.1	Smp_335420.1	0.0
Smp_112110.1	Smp_335430.1	0.0
Smp_112110.1	Smp_335440.1	0.0
Smp_112110.1	Smp_335450.1	0.0
Smp_245390.1	Smp_334270.1	0.0
Smp_245390.1	Smp_334350.1	0.0311
Smp_245390.1	Smp_334520.1	0.0311
Smp_245390.1	Smp_334590.1	0.0311
Smp_245390.1	Smp_334660.1	0.0311
Smp_245390.1	Smp_334690.1	0.0311
Smp_245390.1	Smp_335410.1	0.0311
Smp_245390.1	Smp_335420.1	0.0311
Smp_245390.1	Smp_335430.1	0.0311
Smp_245390.1	Smp_335440.1	0.0311
Smp_245390.1	Smp_335450.1	0.0311
Smp_334270.1	Smp_334350.1	0.0311
Smp_334270.1	Smp_334520.1	0.0311
Smp_334270.1	Smp_334590.1	0.0311
Smp_334270.1	Smp_334660.1	0.0311
Smp_334270.1	Smp_334690.1	0.0311
Smp_334270.1	Smp_335410.1	0.0311
Smp_334270.1	Smp_335420.1	0.0311
Smp_334270.1	Smp_335430.1	0.0311
Smp_334270.1	Smp_335440.1	0.0311
Smp_334270.1	Smp_335450.1	0.0311
Smp_334350.1	Smp_334520.1	0.0
Smp_334350.1	Smp_334590.1	0.0
Smp_334350.1	Smp_334660.1	0.0
Smp_334350.1	Smp_334690.1	0.0
Smp_334350.1	Smp_335410.1	0.0
Smp_334350.1	Smp_335420.1	0.0
Smp_334350.1	Smp_335430.1	0.0
Smp_334350.1	Smp_335440.1	0.0
Smp_334350.1	Smp_335450.1	0.0
Smp_334520.1	Smp_334590.1	0.0
Smp_334520.1	Smp_334660.1	0.0
Smp_334520.1	Smp_334690.1	0.0
Smp_334520.1	Smp_335410.1	0.0
Smp_334520.1	Smp_335420.1	0.0
Smp_334520.1	Smp_335430.1	0.0
Smp_334520.1	Smp_335440.1	0.0
Smp_334520.1	Smp_335450.1	0.0
Smp_334590.1	Smp_334660.1	0.0
Smp_334590.1	Smp_334690.1	0.0
Smp_334590.1	Smp_335410.1	0.0
Smp_334590.1	Smp_335420.1	0.0
Smp_334590.1	Smp_335430.1	0.0
Smp_334590.1	Smp_335440.1	0.0
Smp_334590.1	Smp_335450.1	0.0
Smp_334660.1	Smp_334690.1	0.0
Smp_334660.1	Smp_335410.1	0.0
Smp_334660.1	Smp_335420.1	0.0
Smp_334660.1	Smp_335430.1	0.0
Smp_334660.1	Smp_335440.1	0.0
Smp_334660.1	Smp_335450.1	0.0
Smp_334690.1	Smp_335410.1	0.0
Smp_334690.1	Smp_335420.1	0.0
Smp_334690.1	Smp_335430.1	0.0
Smp_334690.1	Smp_335440.1	0.0
Smp_334690.1	Smp_335450.1	0.0
Smp_335410.1	Smp_335420.1	0.0
Smp_335410.1	Smp_335430.1	0.0
Smp_335410.1	Smp_335440.1	0.0
Smp_335410.1	Smp_335450.1	0.0
Smp_335420.1	Smp_335430.1	0.0
Smp_335420.1	Smp_335440.1	0.0
Smp_335420.1	Smp_335450.1	0.0
Smp_335430.1	Smp_335440.1	0.0
Smp_335430.1	Smp_335450.1	0.0
Smp_335440.1	Smp_335450.1	0.0
Smp_314350.1	Smp_317270.1	0.0065
Smp_311150.1	Smp_311940.1	0.0
Smp_335460.1	Smp_335470.1	0.0
Smp_335460.1	Smp_335480.1	0.0099
Smp_335460.1	Smp_335490.1	0.0
Smp_335460.1	Smp_335510.1	0.0
Smp_335470.1	Smp_335480.1	0.0099
Smp_335470.1	Smp_335490.1	0.0
Smp_335470.1	Smp_335510.1	0.0
Smp_335480.1	Smp_335490.1	0.0099
Smp_335480.1	Smp_335510.1	0.0099
Smp_335490.1	Smp_335510.1	0.0
Smp_309570.1	Smp_309580.1	0.0
Smp_178360.1	Smp_323490.1	0.0019
Smp_178360.1	Smp_323500.1	0.0019
Smp_178360.1	Smp_323510.1	0.0019
Smp_323490.1	Smp_323500.1	0.0
Smp_323490.1	Smp_323510.1	0.0
Smp_323500.1	Smp_323510.1	0.0
Smp_323190.1	Smp_323290.1	1.2225000000000001
Smp_300770.1	Smp_318150.1	0.0
Smp_308100.1	Smp_308110.1	0.8361
Smp_124890.1	Smp_173360.1	0.0
Smp_062120.1	Smp_155560.1	0.0592
Smp_062120.1	Smp_305550.1	0.0383
Smp_062120.1	Smp_315070.1	0.0172
Smp_155560.1	Smp_305550.1	0.0771
Smp_155560.1	Smp_315070.1	0.056
Smp_305550.1	Smp_315070.1	0.0351
Smp_311780.1	Smp_311790.1	0.0102
Smp_154260.1	Smp_176160.1	0.0453
Smp_316220.1	Smp_316250.1	53.9145
Smp_316220.1	Smp_337070.1	71.6212
Smp_316250.1	Smp_337070.1	125.53569999999999
Smp_314200.1	Smp_317150.1	0.0
Smp_308930.1	Smp_308940.1	0.5064
Smp_048050.1	Smp_049230.1	0.003
Smp_320450.1	Smp_320460.1	0.1028
Smp_320880.1	Smp_329050.1	0.0
Smp_328240.1	Smp_346160.1	0.0
Smp_349370.1	Smp_349380.1	0.3807
Smp_331250.1	Smp_336290.2	0.0591
Smp_327220.1	Smp_327230.1	16.4178
Smp_200770.1	Smp_204940.1	0.034199999999999994
Smp_318680.1	Smp_348860.1	0.0085
Smp_199340.1	Smp_349040.1	0.025599999999999998
Smp_323230.1	Smp_323250.1	0.0164
Smp_323230.1	Smp_323270.1	0.0
Smp_323230.1	Smp_323300.1	0.0
Smp_323250.1	Smp_323270.1	0.0164
Smp_323250.1	Smp_323300.1	0.0164
Smp_323270.1	Smp_323300.1	0.0
Smp_144000.1	Smp_144010.1	0.1006
Smp_313740.1	Smp_313760.1	0.0469
Smp_313740.1	Smp_332670.1	0.0105
Smp_313760.1	Smp_332670.1	0.0404
Smp_122820.1	Smp_327530.1	0.0
Smp_149750.1	Smp_329270.1	0.0093
Smp_149750.1	Smp_329280.1	0.0034
Smp_329270.1	Smp_329280.1	0.0059
Smp_306920.1	Smp_306930.1	0.0
Smp_072630.1	Smp_337020.1	0.0
Smp_072630.1	Smp_337030.1	0.0
Smp_337020.1	Smp_337030.1	0.0
Smp_122730.1	Smp_327640.1	66.5607
Smp_078540.1	Smp_309610.1	0.0398
Smp_307220.2	Smp_307240.1	0.7533000000000001
Smp_244880.1	Smp_244890.1	0.0594
Smp_305590.1	Smp_305620.1	0.0
Smp_305590.1	Smp_314800.1	0.0114
Smp_305620.1	Smp_314800.1	0.0114
Smp_311700.1	Smp_332350.1	0.0
Smp_337430.1	Smp_346360.1	1.0002
Smp_138000.1	Smp_325620.1	0.0241
Smp_138000.1	Smp_325630.1	0.0578
Smp_325620.1	Smp_325630.1	0.047099999999999996
Smp_101450.1	Smp_330330.1	0.0
Smp_318690.1	Smp_031000.1	0.1992
Smp_201230.1	Smp_204010.1	50.355199999999996
Smp_201230.1	Smp_349420.1	0.175
Smp_204010.1	Smp_349420.1	50.1802
Smp_190770.1	Smp_325650.1	0.0808
Smp_330060.1	Smp_330070.1	11.8769
Smp_330060.1	Smp_330080.1	18.3174
Smp_330060.1	Smp_330100.1	68.1265
Smp_330070.1	Smp_330080.1	6.4405
Smp_330070.1	Smp_330100.1	56.2496
Smp_330080.1	Smp_330100.1	62.6901
Smp_312950.1	Smp_316020.1	6.719799999999999
Smp_111980.1	Smp_200060.1	0.024
Smp_111980.1	Smp_204150.1	0.008
Smp_111980.1	Smp_245630.1	0.016
Smp_111980.1	Smp_350260.1	0.0079
Smp_111980.1	Smp_350370.1	0.0241
Smp_200060.1	Smp_204150.1	0.032
Smp_200060.1	Smp_245630.1	0.04
Smp_200060.1	Smp_350260.1	0.0319
Smp_200060.1	Smp_350370.1	0.048100000000000004
Smp_204150.1	Smp_245630.1	0.024
Smp_204150.1	Smp_350260.1	0.0159
Smp_204150.1	Smp_350370.1	0.032100000000000004
Smp_245630.1	Smp_350260.1	0.0239
Smp_245630.1	Smp_350370.1	0.0401
Smp_350260.1	Smp_350370.1	0.032
Smp_348100.1	Smp_348200.1	0.0
Smp_134720.1	Smp_309500.1	0.1987
Smp_134720.1	Smp_309510.1	0.1677
Smp_134720.1	Smp_335880.1	0.272
Smp_309500.1	Smp_309510.1	0.0718
Smp_309500.1	Smp_335880.1	0.1761
Smp_309510.1	Smp_335880.1	0.1451
Smp_331960.1	Smp_335950.1	0.0446
Smp_317780.1	Smp_317790.1	0.0
Smp_129550.1	Smp_129580.1	0.6718999999999999
Smp_318880.1	Smp_329140.1	0.0
Smp_320890.1	Smp_324450.1	0.06029999999999999
Smp_047680.1	Smp_311630.1	0.0255
Smp_047680.1	Smp_311640.1	0.0346
Smp_311630.1	Smp_311640.1	0.0091
Smp_330700.1	Smp_330730.1	0.466
Smp_330700.1	Smp_349280.1	0.42
Smp_330700.1	Smp_349300.1	0.4054
Smp_330700.1	Smp_349310.1	0.3977
Smp_330700.1	Smp_349320.1	0.42000000000000004
Smp_330700.1	Smp_349330.1	0.4053
Smp_330700.1	Smp_349340.1	0.4984
Smp_330700.1	Smp_349360.1	0.8414000000000001
Smp_330730.1	Smp_349280.1	0.2088
Smp_330730.1	Smp_349300.1	0.1942
Smp_330730.1	Smp_349310.1	0.1865
Smp_330730.1	Smp_349320.1	0.1414
Smp_330730.1	Smp_349330.1	0.1267
Smp_330730.1	Smp_349340.1	0.49360000000000004
Smp_330730.1	Smp_349360.1	0.8366
Smp_349280.1	Smp_349300.1	0.0146
Smp_349280.1	Smp_349310.1	0.0291
Smp_349280.1	Smp_349320.1	0.1628
Smp_349280.1	Smp_349330.1	0.1481
Smp_349280.1	Smp_349340.1	0.44760000000000005
Smp_349280.1	Smp_349360.1	0.7906
Smp_349300.1	Smp_349310.1	0.0145
Smp_349300.1	Smp_349320.1	0.1482
Smp_349300.1	Smp_349330.1	0.1335
Smp_349300.1	Smp_349340.1	0.43300000000000005
Smp_349300.1	Smp_349360.1	0.776
Smp_349310.1	Smp_349320.1	0.14049999999999999
Smp_349310.1	Smp_349330.1	0.1258
Smp_349310.1	Smp_349340.1	0.42530000000000007
Smp_349310.1	Smp_349360.1	0.7683
Smp_349320.1	Smp_349330.1	0.0807
Smp_349320.1	Smp_349340.1	0.44760000000000005
Smp_349320.1	Smp_349360.1	0.7906
Smp_349330.1	Smp_349340.1	0.43290000000000006
Smp_349330.1	Smp_349360.1	0.7759
Smp_349340.1	Smp_349360.1	0.6826000000000001
Smp_139010.1	Smp_318640.1	0.1201
Smp_312140.1	Smp_332410.1	0.0
Smp_316140.1	Smp_316150.1	0.0
Smp_316140.1	Smp_316160.1	0.0046
Smp_316150.1	Smp_316160.1	0.0046
Smp_300990.1	Smp_332980.1	0.0045
Smp_043600.1	Smp_247700.1	0.0
Smp_086630.1	Smp_102020.1	0.0592
Smp_086630.1	Smp_154590.1	0.0593
Smp_086630.1	Smp_173350.1	0.4287
Smp_086630.1	Smp_179970.1	0.26580000000000004
Smp_086630.1	Smp_194130.1	0.2654
Smp_086630.1	Smp_201330.1	0.0584
Smp_086630.1	Smp_329780.1	0.44070000000000004
Smp_086630.1	Smp_349050.1	0.2728
Smp_086630.1	Smp_349070.1	22.2071
Smp_086630.1	Smp_349090.1	0.17779999999999999
Smp_086630.1	Smp_349100.1	0.2382
Smp_086630.1	Smp_349150.1	0.0856
Smp_086630.1	Smp_349160.1	0.1148
Smp_086630.1	Smp_349170.1	0.0593
Smp_086630.1	Smp_349190.1	0.1151
Smp_086630.1	Smp_349200.1	0.0
Smp_086630.1	Smp_349210.1	0.1161
Smp_086630.1	Smp_349240.1	0.0858
Smp_086630.1	Smp_349250.1	0.0853
Smp_086630.1	Smp_349520.1	22.266000000000002
Smp_086630.1	Smp_349530.1	0.2069
Smp_086630.1	Smp_349560.1	6.2921000000000005
Smp_086630.1	Smp_349570.1	0.29460000000000003
Smp_086630.1	Smp_349580.1	0.26580000000000004
Smp_086630.1	Smp_349630.1	0.44070000000000004
Smp_086630.1	Smp_349650.1	5.4921
Smp_086630.1	Smp_349670.1	0.24359999999999998
Smp_086630.1	Smp_349690.1	0.26580000000000004
Smp_086630.1	Smp_349700.1	0.26580000000000004
Smp_086630.1	Smp_349710.1	0.2382
Smp_086630.1	Smp_349720.1	22.2973
Smp_086630.1	Smp_349730.1	10.297500000000001
Smp_086630.1	Smp_349740.1	0.3638
Smp_086630.1	Smp_350150.1	0.2952
Smp_086630.1	Smp_350160.1	0.1779
Smp_086630.1	Smp_350210.1	0.0578
Smp_086630.1	Smp_350220.1	0.2382
Smp_086630.1	Smp_350230.1	0.35810000000000003
Smp_086630.1	Smp_350240.1	0.2959
Smp_086630.1	Smp_350320.1	0.0858
Smp_102020.1	Smp_154590.1	0.1185
Smp_102020.1	Smp_173350.1	0.4879
Smp_102020.1	Smp_179970.1	0.32500000000000007
Smp_102020.1	Smp_194130.1	0.3246
Smp_102020.1	Smp_201330.1	0.11760000000000001
Smp_102020.1	Smp_329780.1	0.4999
Smp_102020.1	Smp_349050.1	0.33199999999999996
Smp_102020.1	Smp_349070.1	22.2663
Smp_102020.1	Smp_349090.1	0.237
Smp_102020.1	Smp_349100.1	0.2974
Smp_102020.1	Smp_349150.1	0.14479999999999998
Smp_102020.1	Smp_349160.1	0.174
Smp_102020.1	Smp_349170.1	0.1185
Smp_102020.1	Smp_349190.1	0.17429999999999998
Smp_102020.1	Smp_349200.1	0.0592
Smp_102020.1	Smp_349210.1	0.17529999999999998
Smp_102020.1	Smp_349240.1	0.145
Smp_102020.1	Smp_349250.1	0.1445
Smp_102020.1	Smp_349520.1	22.325200000000002
Smp_102020.1	Smp_349530.1	0.2661
Smp_102020.1	Smp_349560.1	6.3513
Smp_102020.1	Smp_349570.1	0.3538
Smp_102020.1	Smp_349580.1	0.32500000000000007
Smp_102020.1	Smp_349630.1	0.4999
Smp_102020.1	Smp_349650.1	5.5512999999999995
Smp_102020.1	Smp_349670.1	0.30279999999999996
Smp_102020.1	Smp_349690.1	0.32500000000000007
Smp_102020.1	Smp_349700.1	0.32500000000000007
Smp_102020.1	Smp_349710.1	0.2974
Smp_102020.1	Smp_349720.1	22.3565
Smp_102020.1	Smp_349730.1	10.356700000000002
Smp_102020.1	Smp_349740.1	0.42300000000000004
Smp_102020.1	Smp_350150.1	0.35440000000000005
Smp_102020.1	Smp_350160.1	0.2371
Smp_102020.1	Smp_350210.1	0.11699999999999999
Smp_102020.1	Smp_350220.1	0.2974
Smp_102020.1	Smp_350230.1	0.4173
Smp_102020.1	Smp_350240.1	0.35509999999999997
Smp_102020.1	Smp_350320.1	0.145
Smp_154590.1	Smp_173350.1	0.48800000000000004
Smp_154590.1	Smp_179970.1	0.32510000000000006
Smp_154590.1	Smp_194130.1	0.32470000000000004
Smp_154590.1	Smp_201330.1	0.1177
Smp_154590.1	Smp_329780.1	0.5
Smp_154590.1	Smp_349050.1	0.3321
Smp_154590.1	Smp_349070.1	22.2664
Smp_154590.1	Smp_349090.1	0.23709999999999998
Smp_154590.1	Smp_349100.1	0.2975
Smp_154590.1	Smp_349150.1	0.1449
Smp_154590.1	Smp_349160.1	0.1741
Smp_154590.1	Smp_349170.1	0.0
Smp_154590.1	Smp_349190.1	0.1744
Smp_154590.1	Smp_349200.1	0.0593
Smp_154590.1	Smp_349210.1	0.1754
Smp_154590.1	Smp_349240.1	0.1451
Smp_154590.1	Smp_349250.1	0.1446
Smp_154590.1	Smp_349520.1	22.325300000000002
Smp_154590.1	Smp_349530.1	0.2662
Smp_154590.1	Smp_349560.1	6.351400000000001
Smp_154590.1	Smp_349570.1	0.35390000000000005
Smp_154590.1	Smp_349580.1	0.32510000000000006
Smp_154590.1	Smp_349630.1	0.5
Smp_154590.1	Smp_349650.1	5.5514
Smp_154590.1	Smp_349670.1	0.3029
Smp_154590.1	Smp_349690.1	0.32510000000000006
Smp_154590.1	Smp_349700.1	0.32510000000000006
Smp_154590.1	Smp_349710.1	0.2975
Smp_154590.1	Smp_349720.1	22.3566
Smp_154590.1	Smp_349730.1	10.356800000000002
Smp_154590.1	Smp_349740.1	0.42310000000000003
Smp_154590.1	Smp_350150.1	0.35450000000000004
Smp_154590.1	Smp_350160.1	0.2372
Smp_154590.1	Smp_350210.1	0.1171
Smp_154590.1	Smp_350220.1	0.2975
Smp_154590.1	Smp_350230.1	0.41740000000000005
Smp_154590.1	Smp_350240.1	0.3552
Smp_154590.1	Smp_350320.1	0.1451
Smp_173350.1	Smp_179970.1	0.3985
Smp_173350.1	Smp_194130.1	0.2177
Smp_173350.1	Smp_201330.1	0.48710000000000003
Smp_173350.1	Smp_329780.1	0.7538
Smp_173350.1	Smp_349050.1	0.40549999999999997
Smp_173350.1	Smp_349070.1	22.3398
Smp_173350.1	Smp_349090.1	0.3105
Smp_173350.1	Smp_349100.1	0.1905
Smp_173350.1	Smp_349150.1	0.3987
Smp_173350.1	Smp_349160.1	0.42790000000000006
Smp_173350.1	Smp_349170.1	0.48800000000000004
Smp_173350.1	Smp_349190.1	0.4282
Smp_173350.1	Smp_349200.1	0.4287
Smp_173350.1	Smp_349210.1	0.4292
Smp_173350.1	Smp_349240.1	0.39890000000000003
Smp_173350.1	Smp_349250.1	0.39840000000000003
Smp_173350.1	Smp_349520.1	22.3987
Smp_173350.1	Smp_349530.1	0.3396
Smp_173350.1	Smp_349560.1	6.605200000000001
Smp_173350.1	Smp_349570.1	0.4273
Smp_173350.1	Smp_349580.1	0.3985
Smp_173350.1	Smp_349630.1	0.7538
Smp_173350.1	Smp_349650.1	5.6248000000000005
Smp_173350.1	Smp_349670.1	0.5567
Smp_173350.1	Smp_349690.1	0.3985
Smp_173350.1	Smp_349700.1	0.3985
Smp_173350.1	Smp_349710.1	0.3709
Smp_173350.1	Smp_349720.1	22.43
Smp_173350.1	Smp_349730.1	10.4302
Smp_173350.1	Smp_349740.1	0.4965
Smp_173350.1	Smp_350150.1	0.4279
Smp_173350.1	Smp_350160.1	0.3106
Smp_173350.1	Smp_350210.1	0.3709
Smp_173350.1	Smp_350220.1	0.3709
Smp_173350.1	Smp_350230.1	0.4908
Smp_173350.1	Smp_350240.1	0.4286
Smp_173350.1	Smp_350320.1	0.39890000000000003
Smp_179970.1	Smp_194130.1	0.23520000000000002
Smp_179970.1	Smp_201330.1	0.32420000000000004
Smp_179970.1	Smp_329780.1	0.5909
Smp_179970.1	Smp_349050.1	0.24259999999999998
Smp_179970.1	Smp_349070.1	22.1769
Smp_179970.1	Smp_349090.1	0.1476
Smp_179970.1	Smp_349100.1	0.20800000000000002
Smp_179970.1	Smp_349150.1	0.2358
Smp_179970.1	Smp_349160.1	0.265
Smp_179970.1	Smp_349170.1	0.32510000000000006
Smp_179970.1	Smp_349190.1	0.26530000000000004
Smp_179970.1	Smp_349200.1	0.26580000000000004
Smp_179970.1	Smp_349210.1	0.26630000000000004
Smp_179970.1	Smp_349240.1	0.23600000000000002
Smp_179970.1	Smp_349250.1	0.23550000000000001
Smp_179970.1	Smp_349520.1	22.2358
Smp_179970.1	Smp_349530.1	0.1767
Smp_179970.1	Smp_349560.1	6.4423
Smp_179970.1	Smp_349570.1	0.08399999999999999
Smp_179970.1	Smp_349580.1	0.0
Smp_179970.1	Smp_349630.1	0.5909
Smp_179970.1	Smp_349650.1	5.281499999999999
Smp_179970.1	Smp_349670.1	0.39380000000000004
Smp_179970.1	Smp_349690.1	0.0552
Smp_179970.1	Smp_349700.1	0.0552
Smp_179970.1	Smp_349710.1	0.0276
Smp_179970.1	Smp_349720.1	22.0867
Smp_179970.1	Smp_349730.1	10.0869
Smp_179970.1	Smp_349740.1	0.1532
Smp_179970.1	Smp_350150.1	0.08460000000000001
Smp_179970.1	Smp_350160.1	0.1477
Smp_179970.1	Smp_350210.1	0.20800000000000002
Smp_179970.1	Smp_350220.1	0.0276
Smp_179970.1	Smp_350230.1	0.14750000000000002
Smp_179970.1	Smp_350240.1	0.0853
Smp_179970.1	Smp_350320.1	0.23600000000000002
Smp_194130.1	Smp_201330.1	0.32380000000000003
Smp_194130.1	Smp_329780.1	0.5905
Smp_194130.1	Smp_349050.1	0.2422
Smp_194130.1	Smp_349070.1	22.1765
Smp_194130.1	Smp_349090.1	0.1472
Smp_194130.1	Smp_349100.1	0.0272
Smp_194130.1	Smp_349150.1	0.2354
Smp_194130.1	Smp_349160.1	0.2646
Smp_194130.1	Smp_349170.1	0.32470000000000004
Smp_194130.1	Smp_349190.1	0.2649
Smp_194130.1	Smp_349200.1	0.2654
Smp_194130.1	Smp_349210.1	0.2659
Smp_194130.1	Smp_349240.1	0.2356
Smp_194130.1	Smp_349250.1	0.2351
Smp_194130.1	Smp_349520.1	22.235400000000002
Smp_194130.1	Smp_349530.1	0.1763
Smp_194130.1	Smp_349560.1	6.4419
Smp_194130.1	Smp_349570.1	0.264
Smp_194130.1	Smp_349580.1	0.23520000000000002
Smp_194130.1	Smp_349630.1	0.5905
Smp_194130.1	Smp_349650.1	5.4615
Smp_194130.1	Smp_349670.1	0.39339999999999997
Smp_194130.1	Smp_349690.1	0.23520000000000002
Smp_194130.1	Smp_349700.1	0.23520000000000002
Smp_194130.1	Smp_349710.1	0.2076
Smp_194130.1	Smp_349720.1	22.2667
Smp_194130.1	Smp_349730.1	10.2669
Smp_194130.1	Smp_349740.1	0.3332
Smp_194130.1	Smp_350150.1	0.2646
Smp_194130.1	Smp_350160.1	0.1473
Smp_194130.1	Smp_350210.1	0.2076
Smp_194130.1	Smp_350220.1	0.2076
Smp_194130.1	Smp_350230.1	0.3275
Smp_194130.1	Smp_350240.1	0.2653
Smp_194130.1	Smp_350320.1	0.2356
Smp_201330.1	Smp_329780.1	0.49910000000000004
Smp_201330.1	Smp_349050.1	0.3312
Smp_201330.1	Smp_349070.1	22.2655
Smp_201330.1	Smp_349090.1	0.2362
Smp_201330.1	Smp_349100.1	0.2966
Smp_201330.1	Smp_349150.1	0.144
Smp_201330.1	Smp_349160.1	0.1732
Smp_201330.1	Smp_349170.1	0.1177
Smp_201330.1	Smp_349190.1	0.1735
Smp_201330.1	Smp_349200.1	0.0584
Smp_201330.1	Smp_349210.1	0.1745
Smp_201330.1	Smp_349240.1	0.1442
Smp_201330.1	Smp_349250.1	0.1437
Smp_201330.1	Smp_349520.1	22.3244
Smp_201330.1	Smp_349530.1	0.2653
Smp_201330.1	Smp_349560.1	6.3505
Smp_201330.1	Smp_349570.1	0.35300000000000004
Smp_201330.1	Smp_349580.1	0.32420000000000004
Smp_201330.1	Smp_349630.1	0.49910000000000004
Smp_201330.1	Smp_349650.1	5.5504999999999995
Smp_201330.1	Smp_349670.1	0.302
Smp_201330.1	Smp_349690.1	0.32420000000000004
Smp_201330.1	Smp_349700.1	0.32420000000000004
Smp_201330.1	Smp_349710.1	0.2966
Smp_201330.1	Smp_349720.1	22.3557
Smp_201330.1	Smp_349730.1	10.355900000000002
Smp_201330.1	Smp_349740.1	0.4222
Smp_201330.1	Smp_350150.1	0.3536
Smp_201330.1	Smp_350160.1	0.2363
Smp_201330.1	Smp_350210.1	0.1162
Smp_201330.1	Smp_350220.1	0.2966
Smp_201330.1	Smp_350230.1	0.41650000000000004
Smp_201330.1	Smp_350240.1	0.3543
Smp_201330.1	Smp_350320.1	0.1442
Smp_329780.1	Smp_349050.1	0.5979
Smp_329780.1	Smp_349070.1	22.5322
Smp_329780.1	Smp_349090.1	0.5029
Smp_329780.1	Smp_349100.1	0.5633
Smp_329780.1	Smp_349150.1	0.4107
Smp_329780.1	Smp_349160.1	0.43990000000000007
Smp_329780.1	Smp_349170.1	0.5
Smp_329780.1	Smp_349190.1	0.44020000000000004
Smp_329780.1	Smp_349200.1	0.44070000000000004
Smp_329780.1	Smp_349210.1	0.44120000000000004
Smp_329780.1	Smp_349240.1	0.41090000000000004
Smp_329780.1	Smp_349250.1	0.41040000000000004
Smp_329780.1	Smp_349520.1	22.5911
Smp_329780.1	Smp_349530.1	0.532
Smp_329780.1	Smp_349560.1	5.8514
Smp_329780.1	Smp_349570.1	0.6197
Smp_329780.1	Smp_349580.1	0.5909
Smp_329780.1	Smp_349630.1	0.0
Smp_329780.1	Smp_349650.1	5.8172
Smp_329780.1	Smp_349670.1	0.5687
Smp_329780.1	Smp_349690.1	0.5909
Smp_329780.1	Smp_349700.1	0.5909
Smp_329780.1	Smp_349710.1	0.5633
Smp_329780.1	Smp_349720.1	22.622400000000003
Smp_329780.1	Smp_349730.1	10.6226
Smp_329780.1	Smp_349740.1	0.6889000000000001
Smp_329780.1	Smp_350150.1	0.6203000000000001
Smp_329780.1	Smp_350160.1	0.503
Smp_329780.1	Smp_350210.1	0.3829
Smp_329780.1	Smp_350220.1	0.5633
Smp_329780.1	Smp_350230.1	0.6832
Smp_329780.1	Smp_350240.1	0.621
Smp_329780.1	Smp_350320.1	0.41090000000000004
Smp_349050.1	Smp_349070.1	22.1839
Smp_349050.1	Smp_349090.1	0.1546
Smp_349050.1	Smp_349100.1	0.215
Smp_349050.1	Smp_349150.1	0.2428
Smp_349050.1	Smp_349160.1	0.272
Smp_349050.1	Smp_349170.1	0.3321
Smp_349050.1	Smp_349190.1	0.2723
Smp_349050.1	Smp_349200.1	0.2728
Smp_349050.1	Smp_349210.1	0.2733
Smp_349050.1	Smp_349240.1	0.243
Smp_349050.1	Smp_349250.1	0.2425
Smp_349050.1	Smp_349520.1	22.242800000000003
Smp_349050.1	Smp_349530.1	0.1837
Smp_349050.1	Smp_349560.1	6.4493
Smp_349050.1	Smp_349570.1	0.2714
Smp_349050.1	Smp_349580.1	0.24259999999999998
Smp_349050.1	Smp_349630.1	0.5979
Smp_349050.1	Smp_349650.1	5.4689
Smp_349050.1	Smp_349670.1	0.4008
Smp_349050.1	Smp_349690.1	0.24259999999999998
Smp_349050.1	Smp_349700.1	0.24259999999999998
Smp_349050.1	Smp_349710.1	0.215
Smp_349050.1	Smp_349720.1	22.2741
Smp_349050.1	Smp_349730.1	10.2743
Smp_349050.1	Smp_349740.1	0.3406
Smp_349050.1	Smp_350150.1	0.272
Smp_349050.1	Smp_350160.1	0.1547
Smp_349050.1	Smp_350210.1	0.215
Smp_349050.1	Smp_350220.1	0.215
Smp_349050.1	Smp_350230.1	0.3349
Smp_349050.1	Smp_350240.1	0.2727
Smp_349050.1	Smp_350320.1	0.243
Smp_349070.1	Smp_349090.1	22.088900000000002
Smp_349070.1	Smp_349100.1	22.1493
Smp_349070.1	Smp_349150.1	22.1771
Smp_349070.1	Smp_349160.1	22.2063
Smp_349070.1	Smp_349170.1	22.2664
Smp_349070.1	Smp_349190.1	22.2066
Smp_349070.1	Smp_349200.1	22.2071
Smp_349070.1	Smp_349210.1	22.2076
Smp_349070.1	Smp_349240.1	22.1773
Smp_349070.1	Smp_349250.1	22.1768
Smp_349070.1	Smp_349520.1	44.1771
Smp_349070.1	Smp_349530.1	22.118000000000002
Smp_349070.1	Smp_349560.1	28.3836
Smp_349070.1	Smp_349570.1	22.2057
Smp_349070.1	Smp_349580.1	22.1769
Smp_349070.1	Smp_349630.1	22.5322
Smp_349070.1	Smp_349650.1	27.403200000000002
Smp_349070.1	Smp_349670.1	22.3351
Smp_349070.1	Smp_349690.1	22.1769
Smp_349070.1	Smp_349700.1	22.1769
Smp_349070.1	Smp_349710.1	22.1493
Smp_349070.1	Smp_349720.1	44.2084
Smp_349070.1	Smp_349730.1	32.208600000000004
Smp_349070.1	Smp_349740.1	22.274900000000002
Smp_349070.1	Smp_350150.1	22.206300000000002
Smp_349070.1	Smp_350160.1	22.089000000000002
Smp_349070.1	Smp_350210.1	22.1493
Smp_349070.1	Smp_350220.1	22.1493
Smp_349070.1	Smp_350230.1	22.2692
Smp_349070.1	Smp_350240.1	22.207
Smp_349070.1	Smp_350320.1	22.1773
Smp_349090.1	Smp_349100.1	0.12
Smp_349090.1	Smp_349150.1	0.1478
Smp_349090.1	Smp_349160.1	0.177
Smp_349090.1	Smp_349170.1	0.23709999999999998
Smp_349090.1	Smp_349190.1	0.17729999999999999
Smp_349090.1	Smp_349200.1	0.17779999999999999
Smp_349090.1	Smp_349210.1	0.1783
Smp_349090.1	Smp_349240.1	0.148
Smp_349090.1	Smp_349250.1	0.1475
Smp_349090.1	Smp_349520.1	22.1478
Smp_349090.1	Smp_349530.1	0.0887
Smp_349090.1	Smp_349560.1	6.3543
Smp_349090.1	Smp_349570.1	0.1764
Smp_349090.1	Smp_349580.1	0.1476
Smp_349090.1	Smp_349630.1	0.5029
Smp_349090.1	Smp_349650.1	5.3739
Smp_349090.1	Smp_349670.1	0.30579999999999996
Smp_349090.1	Smp_349690.1	0.1476
Smp_349090.1	Smp_349700.1	0.1476
Smp_349090.1	Smp_349710.1	0.12
Smp_349090.1	Smp_349720.1	22.179100000000002
Smp_349090.1	Smp_349730.1	10.1793
Smp_349090.1	Smp_349740.1	0.24559999999999998
Smp_349090.1	Smp_350150.1	0.177
Smp_349090.1	Smp_350160.1	0.0597
Smp_349090.1	Smp_350210.1	0.12
Smp_349090.1	Smp_350220.1	0.12
Smp_349090.1	Smp_350230.1	0.2399
Smp_349090.1	Smp_350240.1	0.1777
Smp_349090.1	Smp_350320.1	0.148
Smp_349100.1	Smp_349150.1	0.2082
Smp_349100.1	Smp_349160.1	0.2374
Smp_349100.1	Smp_349170.1	0.2975
Smp_349100.1	Smp_349190.1	0.2377
Smp_349100.1	Smp_349200.1	0.2382
Smp_349100.1	Smp_349210.1	0.2387
Smp_349100.1	Smp_349240.1	0.2084
Smp_349100.1	Smp_349250.1	0.2079
Smp_349100.1	Smp_349520.1	22.2082
Smp_349100.1	Smp_349530.1	0.1491
Smp_349100.1	Smp_349560.1	6.414700000000001
Smp_349100.1	Smp_349570.1	0.2368
Smp_349100.1	Smp_349580.1	0.20800000000000002
Smp_349100.1	Smp_349630.1	0.5633
Smp_349100.1	Smp_349650.1	5.4343
Smp_349100.1	Smp_349670.1	0.36619999999999997
Smp_349100.1	Smp_349690.1	0.20800000000000002
Smp_349100.1	Smp_349700.1	0.20800000000000002
Smp_349100.1	Smp_349710.1	0.1804
Smp_349100.1	Smp_349720.1	22.2395
Smp_349100.1	Smp_349730.1	10.2397
Smp_349100.1	Smp_349740.1	0.306
Smp_349100.1	Smp_350150.1	0.2374
Smp_349100.1	Smp_350160.1	0.1201
Smp_349100.1	Smp_350210.1	0.1804
Smp_349100.1	Smp_350220.1	0.1804
Smp_349100.1	Smp_350230.1	0.3003
Smp_349100.1	Smp_350240.1	0.2381
Smp_349100.1	Smp_350320.1	0.2084
Smp_349150.1	Smp_349160.1	0.0848
Smp_349150.1	Smp_349170.1	0.1449
Smp_349150.1	Smp_349190.1	0.0851
Smp_349150.1	Smp_349200.1	0.0856
Smp_349150.1	Smp_349210.1	0.0861
Smp_349150.1	Smp_349240.1	0.0558
Smp_349150.1	Smp_349250.1	0.0553
Smp_349150.1	Smp_349520.1	22.236
Smp_349150.1	Smp_349530.1	0.1769
Smp_349150.1	Smp_349560.1	6.2621
Smp_349150.1	Smp_349570.1	0.2646
Smp_349150.1	Smp_349580.1	0.2358
Smp_349150.1	Smp_349630.1	0.4107
Smp_349150.1	Smp_349650.1	5.4620999999999995
Smp_349150.1	Smp_349670.1	0.158
Smp_349150.1	Smp_349690.1	0.2358
Smp_349150.1	Smp_349700.1	0.2358
Smp_349150.1	Smp_349710.1	0.2082
Smp_349150.1	Smp_349720.1	22.2673
Smp_349150.1	Smp_349730.1	10.2675
Smp_349150.1	Smp_349740.1	0.3338
Smp_349150.1	Smp_350150.1	0.2652
Smp_349150.1	Smp_350160.1	0.1479
Smp_349150.1	Smp_350210.1	0.0278
Smp_349150.1	Smp_350220.1	0.2082
Smp_349150.1	Smp_350230.1	0.3281
Smp_349150.1	Smp_350240.1	0.2659
Smp_349150.1	Smp_350320.1	0.0558
Smp_349160.1	Smp_349170.1	0.1741
Smp_349160.1	Smp_349190.1	0.1143
Smp_349160.1	Smp_349200.1	0.1148
Smp_349160.1	Smp_349210.1	0.1153
Smp_349160.1	Smp_349240.1	0.085
Smp_349160.1	Smp_349250.1	0.0845
Smp_349160.1	Smp_349520.1	22.2652
Smp_349160.1	Smp_349530.1	0.2061
Smp_349160.1	Smp_349560.1	6.2913
Smp_349160.1	Smp_349570.1	0.29380000000000006
Smp_349160.1	Smp_349580.1	0.265
Smp_349160.1	Smp_349630.1	0.43990000000000007
Smp_349160.1	Smp_349650.1	5.491299999999999
Smp_349160.1	Smp_349670.1	0.2428
Smp_349160.1	Smp_349690.1	0.265
Smp_349160.1	Smp_349700.1	0.265
Smp_349160.1	Smp_349710.1	0.2374
Smp_349160.1	Smp_349720.1	22.296499999999998
Smp_349160.1	Smp_349730.1	10.296700000000001
Smp_349160.1	Smp_349740.1	0.36300000000000004
Smp_349160.1	Smp_350150.1	0.29440000000000005
Smp_349160.1	Smp_350160.1	0.1771
Smp_349160.1	Smp_350210.1	0.057
Smp_349160.1	Smp_350220.1	0.2374
Smp_349160.1	Smp_350230.1	0.35730000000000006
Smp_349160.1	Smp_350240.1	0.29510000000000003
Smp_349160.1	Smp_350320.1	0.029
Smp_349170.1	Smp_349190.1	0.1744
Smp_349170.1	Smp_349200.1	0.0593
Smp_349170.1	Smp_349210.1	0.1754
Smp_349170.1	Smp_349240.1	0.1451
Smp_349170.1	Smp_349250.1	0.1446
Smp_349170.1	Smp_349520.1	22.325300000000002
Smp_349170.1	Smp_349530.1	0.2662
Smp_349170.1	Smp_349560.1	6.351400000000001
Smp_349170.1	Smp_349570.1	0.35390000000000005
Smp_349170.1	Smp_349580.1	0.32510000000000006
Smp_349170.1	Smp_349630.1	0.5
Smp_349170.1	Smp_349650.1	5.5514
Smp_349170.1	Smp_349670.1	0.3029
Smp_349170.1	Smp_349690.1	0.32510000000000006
Smp_349170.1	Smp_349700.1	0.32510000000000006
Smp_349170.1	Smp_349710.1	0.2975
Smp_349170.1	Smp_349720.1	22.3566
Smp_349170.1	Smp_349730.1	10.356800000000002
Smp_349170.1	Smp_349740.1	0.42310000000000003
Smp_349170.1	Smp_350150.1	0.35450000000000004
Smp_349170.1	Smp_350160.1	0.2372
Smp_349170.1	Smp_350210.1	0.1171
Smp_349170.1	Smp_350220.1	0.2975
Smp_349170.1	Smp_350230.1	0.41740000000000005
Smp_349170.1	Smp_350240.1	0.3552
Smp_349170.1	Smp_350320.1	0.1451
Smp_349190.1	Smp_349200.1	0.1151
Smp_349190.1	Smp_349210.1	0.1156
Smp_349190.1	Smp_349240.1	0.0853
Smp_349190.1	Smp_349250.1	0.0848
Smp_349190.1	Smp_349520.1	22.265500000000003
Smp_349190.1	Smp_349530.1	0.2064
Smp_349190.1	Smp_349560.1	6.2916
Smp_349190.1	Smp_349570.1	0.29410000000000003
Smp_349190.1	Smp_349580.1	0.26530000000000004
Smp_349190.1	Smp_349630.1	0.44020000000000004
Smp_349190.1	Smp_349650.1	5.491599999999999
Smp_349190.1	Smp_349670.1	0.24309999999999998
Smp_349190.1	Smp_349690.1	0.26530000000000004
Smp_349190.1	Smp_349700.1	0.26530000000000004
Smp_349190.1	Smp_349710.1	0.2377
Smp_349190.1	Smp_349720.1	22.2968
Smp_349190.1	Smp_349730.1	10.297
Smp_349190.1	Smp_349740.1	0.3633
Smp_349190.1	Smp_350150.1	0.2947
Smp_349190.1	Smp_350160.1	0.1774
Smp_349190.1	Smp_350210.1	0.0573
Smp_349190.1	Smp_350220.1	0.2377
Smp_349190.1	Smp_350230.1	0.35760000000000003
Smp_349190.1	Smp_350240.1	0.2954
Smp_349190.1	Smp_350320.1	0.0853
Smp_349200.1	Smp_349210.1	0.1161
Smp_349200.1	Smp_349240.1	0.0858
Smp_349200.1	Smp_349250.1	0.0853
Smp_349200.1	Smp_349520.1	22.266000000000002
Smp_349200.1	Smp_349530.1	0.2069
Smp_349200.1	Smp_349560.1	6.2921000000000005
Smp_349200.1	Smp_349570.1	0.29460000000000003
Smp_349200.1	Smp_349580.1	0.26580000000000004
Smp_349200.1	Smp_349630.1	0.44070000000000004
Smp_349200.1	Smp_349650.1	5.4921
Smp_349200.1	Smp_349670.1	0.24359999999999998
Smp_349200.1	Smp_349690.1	0.26580000000000004
Smp_349200.1	Smp_349700.1	0.26580000000000004
Smp_349200.1	Smp_349710.1	0.2382
Smp_349200.1	Smp_349720.1	22.2973
Smp_349200.1	Smp_349730.1	10.297500000000001
Smp_349200.1	Smp_349740.1	0.3638
Smp_349200.1	Smp_350150.1	0.2952
Smp_349200.1	Smp_350160.1	0.1779
Smp_349200.1	Smp_350210.1	0.0578
Smp_349200.1	Smp_350220.1	0.2382
Smp_349200.1	Smp_350230.1	0.35810000000000003
Smp_349200.1	Smp_350240.1	0.2959
Smp_349200.1	Smp_350320.1	0.0858
Smp_349210.1	Smp_349240.1	0.0863
Smp_349210.1	Smp_349250.1	0.0858
Smp_349210.1	Smp_349520.1	22.2665
Smp_349210.1	Smp_349530.1	0.2074
Smp_349210.1	Smp_349560.1	6.2926
Smp_349210.1	Smp_349570.1	0.29510000000000003
Smp_349210.1	Smp_349580.1	0.26630000000000004
Smp_349210.1	Smp_349630.1	0.44120000000000004
Smp_349210.1	Smp_349650.1	5.4925999999999995
Smp_349210.1	Smp_349670.1	0.24409999999999998
Smp_349210.1	Smp_349690.1	0.26630000000000004
Smp_349210.1	Smp_349700.1	0.26630000000000004
Smp_349210.1	Smp_349710.1	0.2387
Smp_349210.1	Smp_349720.1	22.2978
Smp_349210.1	Smp_349730.1	10.298
Smp_349210.1	Smp_349740.1	0.3643
Smp_349210.1	Smp_350150.1	0.2957
Smp_349210.1	Smp_350160.1	0.1784
Smp_349210.1	Smp_350210.1	0.0583
Smp_349210.1	Smp_350220.1	0.2387
Smp_349210.1	Smp_350230.1	0.35860000000000003
Smp_349210.1	Smp_350240.1	0.2964
Smp_349210.1	Smp_350320.1	0.0863
Smp_349240.1	Smp_349250.1	0.0555
Smp_349240.1	Smp_349520.1	22.2362
Smp_349240.1	Smp_349530.1	0.1771
Smp_349240.1	Smp_349560.1	6.2623
Smp_349240.1	Smp_349570.1	0.26480000000000004
Smp_349240.1	Smp_349580.1	0.23600000000000002
Smp_349240.1	Smp_349630.1	0.41090000000000004
Smp_349240.1	Smp_349650.1	5.462299999999999
Smp_349240.1	Smp_349670.1	0.2138
Smp_349240.1	Smp_349690.1	0.23600000000000002
Smp_349240.1	Smp_349700.1	0.23600000000000002
Smp_349240.1	Smp_349710.1	0.2084
Smp_349240.1	Smp_349720.1	22.2675
Smp_349240.1	Smp_349730.1	10.267700000000001
Smp_349240.1	Smp_349740.1	0.334
Smp_349240.1	Smp_350150.1	0.2654
Smp_349240.1	Smp_350160.1	0.1481
Smp_349240.1	Smp_350210.1	0.028
Smp_349240.1	Smp_350220.1	0.2084
Smp_349240.1	Smp_350230.1	0.32830000000000004
Smp_349240.1	Smp_350240.1	0.2661
Smp_349240.1	Smp_350320.1	0.056
Smp_349250.1	Smp_349520.1	22.2357
Smp_349250.1	Smp_349530.1	0.1766
Smp_349250.1	Smp_349560.1	6.2618
Smp_349250.1	Smp_349570.1	0.26430000000000003
Smp_349250.1	Smp_349580.1	0.23550000000000001
Smp_349250.1	Smp_349630.1	0.41040000000000004
Smp_349250.1	Smp_349650.1	5.461799999999999
Smp_349250.1	Smp_349670.1	0.2133
Smp_349250.1	Smp_349690.1	0.23550000000000001
Smp_349250.1	Smp_349700.1	0.23550000000000001
Smp_349250.1	Smp_349710.1	0.2079
Smp_349250.1	Smp_349720.1	22.267
Smp_349250.1	Smp_349730.1	10.2672
Smp_349250.1	Smp_349740.1	0.3335
Smp_349250.1	Smp_350150.1	0.2649
Smp_349250.1	Smp_350160.1	0.1476
Smp_349250.1	Smp_350210.1	0.0275
Smp_349250.1	Smp_350220.1	0.2079
Smp_349250.1	Smp_350230.1	0.32780000000000004
Smp_349250.1	Smp_350240.1	0.2656
Smp_349250.1	Smp_350320.1	0.0555
Smp_349520.1	Smp_349530.1	22.0591
Smp_349520.1	Smp_349560.1	28.442500000000003
Smp_349520.1	Smp_349570.1	22.2646
Smp_349520.1	Smp_349580.1	22.2358
Smp_349520.1	Smp_349630.1	22.5911
Smp_349520.1	Smp_349650.1	27.4621
Smp_349520.1	Smp_349670.1	22.394000000000002
Smp_349520.1	Smp_349690.1	22.2358
Smp_349520.1	Smp_349700.1	22.2358
Smp_349520.1	Smp_349710.1	22.2082
Smp_349520.1	Smp_349720.1	44.267300000000006
Smp_349520.1	Smp_349730.1	32.2675
Smp_349520.1	Smp_349740.1	22.3338
Smp_349520.1	Smp_350150.1	22.2652
Smp_349520.1	Smp_350160.1	22.1479
Smp_349520.1	Smp_350210.1	22.2082
Smp_349520.1	Smp_350220.1	22.2082
Smp_349520.1	Smp_350230.1	22.3281
Smp_349520.1	Smp_350240.1	22.265900000000002
Smp_349520.1	Smp_350320.1	22.2362
Smp_349530.1	Smp_349560.1	6.383400000000001
Smp_349530.1	Smp_349570.1	0.20550000000000002
Smp_349530.1	Smp_349580.1	0.1767
Smp_349530.1	Smp_349630.1	0.532
Smp_349530.1	Smp_349650.1	5.4030000000000005
Smp_349530.1	Smp_349670.1	0.3349
Smp_349530.1	Smp_349690.1	0.1767
Smp_349530.1	Smp_349700.1	0.1767
Smp_349530.1	Smp_349710.1	0.1491
Smp_349530.1	Smp_349720.1	22.2082
Smp_349530.1	Smp_349730.1	10.2084
Smp_349530.1	Smp_349740.1	0.2747
Smp_349530.1	Smp_350150.1	0.2061
Smp_349530.1	Smp_350160.1	0.0888
Smp_349530.1	Smp_350210.1	0.1491
Smp_349530.1	Smp_350220.1	0.1491
Smp_349530.1	Smp_350230.1	0.269
Smp_349530.1	Smp_350240.1	0.2068
Smp_349530.1	Smp_350320.1	0.1771
Smp_349560.1	Smp_349570.1	6.471100000000001
Smp_349560.1	Smp_349580.1	6.4423
Smp_349560.1	Smp_349630.1	5.8514
Smp_349560.1	Smp_349650.1	11.668600000000001
Smp_349560.1	Smp_349670.1	6.420100000000001
Smp_349560.1	Smp_349690.1	6.4423
Smp_349560.1	Smp_349700.1	6.4423
Smp_349560.1	Smp_349710.1	6.414700000000001
Smp_349560.1	Smp_349720.1	28.4738
Smp_349560.1	Smp_349730.1	16.474
Smp_349560.1	Smp_349740.1	6.540300000000001
Smp_349560.1	Smp_350150.1	6.471700000000001
Smp_349560.1	Smp_350160.1	6.3544
Smp_349560.1	Smp_350210.1	6.2343
Smp_349560.1	Smp_350220.1	6.414700000000001
Smp_349560.1	Smp_350230.1	6.534600000000001
Smp_349560.1	Smp_350240.1	6.4724
Smp_349560.1	Smp_350320.1	6.2623
Smp_349570.1	Smp_349580.1	0.08399999999999999
Smp_349570.1	Smp_349630.1	0.6197
Smp_349570.1	Smp_349650.1	5.3103
Smp_349570.1	Smp_349670.1	0.4226
Smp_349570.1	Smp_349690.1	0.08399999999999999
Smp_349570.1	Smp_349700.1	0.08399999999999999
Smp_349570.1	Smp_349710.1	0.0564
Smp_349570.1	Smp_349720.1	22.1155
Smp_349570.1	Smp_349730.1	10.1157
Smp_349570.1	Smp_349740.1	0.182
Smp_349570.1	Smp_350150.1	0.1134
Smp_349570.1	Smp_350160.1	0.17650000000000002
Smp_349570.1	Smp_350210.1	0.2368
Smp_349570.1	Smp_350220.1	0.0564
Smp_349570.1	Smp_350230.1	0.1763
Smp_349570.1	Smp_350240.1	0.11410000000000001
Smp_349570.1	Smp_350320.1	0.26480000000000004
Smp_349580.1	Smp_349630.1	0.5909
Smp_349580.1	Smp_349650.1	5.281499999999999
Smp_349580.1	Smp_349670.1	0.39380000000000004
Smp_349580.1	Smp_349690.1	0.0552
Smp_349580.1	Smp_349700.1	0.0552
Smp_349580.1	Smp_349710.1	0.0276
Smp_349580.1	Smp_349720.1	22.0867
Smp_349580.1	Smp_349730.1	10.0869
Smp_349580.1	Smp_349740.1	0.1532
Smp_349580.1	Smp_350150.1	0.08460000000000001
Smp_349580.1	Smp_350160.1	0.1477
Smp_349580.1	Smp_350210.1	0.20800000000000002
Smp_349580.1	Smp_350220.1	0.0276
Smp_349580.1	Smp_350230.1	0.14750000000000002
Smp_349580.1	Smp_350240.1	0.0853
Smp_349580.1	Smp_350320.1	0.23600000000000002
Smp_349630.1	Smp_349650.1	5.8172
Smp_349630.1	Smp_349670.1	0.5687
Smp_349630.1	Smp_349690.1	0.5909
Smp_349630.1	Smp_349700.1	0.5909
Smp_349630.1	Smp_349710.1	0.5633
Smp_349630.1	Smp_349720.1	22.622400000000003
Smp_349630.1	Smp_349730.1	10.6226
Smp_349630.1	Smp_349740.1	0.6889000000000001
Smp_349630.1	Smp_350150.1	0.6203000000000001
Smp_349630.1	Smp_350160.1	0.503
Smp_349630.1	Smp_350210.1	0.3829
Smp_349630.1	Smp_350220.1	0.5633
Smp_349630.1	Smp_350230.1	0.6832
Smp_349630.1	Smp_350240.1	0.621
Smp_349630.1	Smp_350320.1	0.41090000000000004
Smp_349650.1	Smp_349670.1	5.6201
Smp_349650.1	Smp_349690.1	5.281499999999999
Smp_349650.1	Smp_349700.1	5.281499999999999
Smp_349650.1	Smp_349710.1	5.2539
Smp_349650.1	Smp_349720.1	27.313000000000002
Smp_349650.1	Smp_349730.1	15.3132
Smp_349650.1	Smp_349740.1	5.3795
Smp_349650.1	Smp_350150.1	5.3109
Smp_349650.1	Smp_350160.1	5.374
Smp_349650.1	Smp_350210.1	5.4342999999999995
Smp_349650.1	Smp_350220.1	5.2539
Smp_349650.1	Smp_350230.1	5.3738
Smp_349650.1	Smp_350240.1	5.311599999999999
Smp_349650.1	Smp_350320.1	5.462299999999999
Smp_349670.1	Smp_349690.1	0.39380000000000004
Smp_349670.1	Smp_349700.1	0.39380000000000004
Smp_349670.1	Smp_349710.1	0.36619999999999997
Smp_349670.1	Smp_349720.1	22.4253
Smp_349670.1	Smp_349730.1	10.4255
Smp_349670.1	Smp_349740.1	0.4918
Smp_349670.1	Smp_350150.1	0.4232
Smp_349670.1	Smp_350160.1	0.3059
Smp_349670.1	Smp_350210.1	0.1858
Smp_349670.1	Smp_350220.1	0.36619999999999997
Smp_349670.1	Smp_350230.1	0.4861
Smp_349670.1	Smp_350240.1	0.42390000000000005
Smp_349670.1	Smp_350320.1	0.2138
Smp_349690.1	Smp_349700.1	0.0
Smp_349690.1	Smp_349710.1	0.0276
Smp_349690.1	Smp_349720.1	22.0867
Smp_349690.1	Smp_349730.1	10.0869
Smp_349690.1	Smp_349740.1	0.1532
Smp_349690.1	Smp_350150.1	0.08460000000000001
Smp_349690.1	Smp_350160.1	0.1477
Smp_349690.1	Smp_350210.1	0.20800000000000002
Smp_349690.1	Smp_350220.1	0.0276
Smp_349690.1	Smp_350230.1	0.14750000000000002
Smp_349690.1	Smp_350240.1	0.0853
Smp_349690.1	Smp_350320.1	0.23600000000000002
Smp_349700.1	Smp_349710.1	0.0276
Smp_349700.1	Smp_349720.1	22.0867
Smp_349700.1	Smp_349730.1	10.0869
Smp_349700.1	Smp_349740.1	0.1532
Smp_349700.1	Smp_350150.1	0.08460000000000001
Smp_349700.1	Smp_350160.1	0.1477
Smp_349700.1	Smp_350210.1	0.20800000000000002
Smp_349700.1	Smp_350220.1	0.0276
Smp_349700.1	Smp_350230.1	0.14750000000000002
Smp_349700.1	Smp_350240.1	0.0853
Smp_349700.1	Smp_350320.1	0.23600000000000002
Smp_349710.1	Smp_349720.1	22.0591
Smp_349710.1	Smp_349730.1	10.0593
Smp_349710.1	Smp_349740.1	0.1256
Smp_349710.1	Smp_350150.1	0.057
Smp_349710.1	Smp_350160.1	0.1201
Smp_349710.1	Smp_350210.1	0.1804
Smp_349710.1	Smp_350220.1	0.0
Smp_349710.1	Smp_350230.1	0.1199
Smp_349710.1	Smp_350240.1	0.0577
Smp_349710.1	Smp_350320.1	0.2084
Smp_349720.1	Smp_349730.1	32.1184
Smp_349720.1	Smp_349740.1	22.1847
Smp_349720.1	Smp_350150.1	22.1161
Smp_349720.1	Smp_350160.1	22.1792
Smp_349720.1	Smp_350210.1	22.2395
Smp_349720.1	Smp_350220.1	22.0591
Smp_349720.1	Smp_350230.1	22.179000000000002
Smp_349720.1	Smp_350240.1	22.1168
Smp_349720.1	Smp_350320.1	22.2675
Smp_349730.1	Smp_349740.1	10.1849
Smp_349730.1	Smp_350150.1	10.1163
Smp_349730.1	Smp_350160.1	10.1794
Smp_349730.1	Smp_350210.1	10.239700000000001
Smp_349730.1	Smp_350220.1	10.0593
Smp_349730.1	Smp_350230.1	10.1792
Smp_349730.1	Smp_350240.1	10.117
Smp_349730.1	Smp_350320.1	10.267700000000001
Smp_349740.1	Smp_350150.1	0.18259999999999998
Smp_349740.1	Smp_350160.1	0.2457
Smp_349740.1	Smp_350210.1	0.306
Smp_349740.1	Smp_350220.1	0.1256
Smp_349740.1	Smp_350230.1	0.2455
Smp_349740.1	Smp_350240.1	0.1833
Smp_349740.1	Smp_350320.1	0.334
Smp_350150.1	Smp_350160.1	0.1771
Smp_350150.1	Smp_350210.1	0.2374
Smp_350150.1	Smp_350220.1	0.057
Smp_350150.1	Smp_350230.1	0.1769
Smp_350150.1	Smp_350240.1	0.1147
Smp_350150.1	Smp_350320.1	0.2654
Smp_350160.1	Smp_350210.1	0.1201
Smp_350160.1	Smp_350220.1	0.1201
Smp_350160.1	Smp_350230.1	0.24000000000000002
Smp_350160.1	Smp_350240.1	0.1778
Smp_350160.1	Smp_350320.1	0.1481
Smp_350210.1	Smp_350220.1	0.1804
Smp_350210.1	Smp_350230.1	0.3003
Smp_350210.1	Smp_350240.1	0.2381
Smp_350210.1	Smp_350320.1	0.028
Smp_350220.1	Smp_350230.1	0.1199
Smp_350220.1	Smp_350240.1	0.0577
Smp_350220.1	Smp_350320.1	0.2084
Smp_350230.1	Smp_350240.1	0.1776
Smp_350230.1	Smp_350320.1	0.32830000000000004
Smp_350240.1	Smp_350320.1	0.2661
Smp_300070.1	Smp_300080.1	0.0172
Smp_099090.1	Smp_306350.1	0.0149
Smp_099090.1	Smp_333000.1	0.0092
Smp_306350.1	Smp_333000.1	0.0057
Smp_043320.1	Smp_043340.1	0.1466
Smp_325550.1	Smp_325560.1	0.0139
Smp_325550.1	Smp_325580.1	0.0139
Smp_325560.1	Smp_325580.1	0.0
Smp_007630.2	Smp_348840.1	0.6738999999999999
Smp_056460.1	Smp_330120.1	3.8034
Smp_317640.1	Smp_317660.1	0.0
Smp_331650.1	Smp_332860.1	8.725200000000001
Smp_147710.1	Smp_328480.1	0.0741
Smp_147710.1	Smp_328490.1	0.0775
Smp_328480.1	Smp_328490.1	0.0034
Smp_317240.1	Smp_329030.1	0.12890000000000001
Smp_315230.1	Smp_317430.1	0.029699999999999997
Smp_315230.1	Smp_331230.1	0.1939
Smp_315230.1	Smp_331240.1	0.0255
Smp_317430.1	Smp_331230.1	0.1726
Smp_317430.1	Smp_331240.1	0.0042
Smp_331230.1	Smp_331240.1	0.1684
Smp_301340.1	Smp_305800.1	0.005
Smp_093620.1	Smp_327240.1	0.0616
Smp_323800.1	Smp_323820.1	0.015300000000000001
Smp_318890.1	Smp_318900.1	0.1001
Smp_318890.1	Smp_318920.1	0.0078
Smp_318900.1	Smp_318920.1	0.0923
Smp_314730.1	Smp_315110.1	0.0
Smp_131470.1	Smp_131490.1	0.1376
Smp_131470.1	Smp_324250.1	0.1808
Smp_131490.1	Smp_324250.1	0.1298
Smp_317120.2	Smp_329690.1	0.30479999999999996
Smp_330740.1	Smp_334620.1	0.09340000000000001
Smp_330740.1	Smp_344710.1	0.1283
Smp_334620.1	Smp_344710.1	0.1019
Smp_139580.1	Smp_032120.1	0.0
Smp_165590.1	Smp_192050.1	0.10500000000000001
Smp_313730.1	Smp_313750.1	0.0
Smp_311580.1	Smp_322580.1	0.0
Smp_311580.1	Smp_346050.1	0.0
Smp_322580.1	Smp_346050.1	0.0
Smp_132800.1	Smp_019460.1	0.2959
Smp_201940.1	Smp_205780.1	0.25170000000000003
Smp_191400.1	Smp_204710.1	16.9072
Smp_191400.1	Smp_349640.1	16.988699999999998
Smp_204710.1	Smp_349640.1	0.0815
Smp_154180.1	Smp_334190.1	0.0569
Smp_317190.1	Smp_317200.1	0.0
Smp_317190.1	Smp_330300.1	0.0
Smp_317190.1	Smp_330310.1	0.0
Smp_317200.1	Smp_330300.1	0.0
Smp_317200.1	Smp_330310.1	0.0
Smp_330300.1	Smp_330310.1	0.0
Smp_327700.1	Smp_327710.1	0.1061
Smp_086330.1	Smp_348730.1	0.1371
Smp_312560.1	Smp_316120.1	0.017
Smp_312560.1	Smp_316130.1	0.10969999999999999
Smp_316120.1	Smp_316130.1	0.1027
Smp_307840.1	Smp_313560.1	0.1729
Smp_325960.1	Smp_342640.1	0.0026
Smp_319020.1	Smp_324420.1	0.0686
Smp_348500.1	Smp_348930.1	0.1916
Smp_348500.1	Smp_348940.1	0.2249
Smp_348500.1	Smp_348950.1	0.1213
Smp_348500.1	Smp_349400.1	0.1113
Smp_348500.1	Smp_349810.1	0.1123
Smp_348500.1	Smp_349820.1	0.1096
Smp_348930.1	Smp_348940.1	0.2071
Smp_348930.1	Smp_348950.1	0.10350000000000001
Smp_348930.1	Smp_349400.1	0.1315
Smp_348930.1	Smp_349810.1	0.1101
Smp_348930.1	Smp_349820.1	0.1298
Smp_348940.1	Smp_348950.1	0.1368
Smp_348940.1	Smp_349400.1	0.1648
Smp_348940.1	Smp_349810.1	0.1434
Smp_348940.1	Smp_349820.1	0.1631
Smp_348950.1	Smp_349400.1	0.061200000000000004
Smp_348950.1	Smp_349810.1	0.0398
Smp_348950.1	Smp_349820.1	0.0595
Smp_349400.1	Smp_349810.1	0.052199999999999996
Smp_349400.1	Smp_349820.1	0.0495
Smp_349810.1	Smp_349820.1	0.0505
Smp_309660.1	Smp_309670.1	0.0054
Smp_340690.1	Smp_343390.1	0.0
Smp_168550.1	Smp_331970.1	0.345
Smp_336840.1	Smp_336850.1	0.0
Smp_309060.1	Smp_331260.1	0.3227
Smp_120320.1	Smp_310950.1	0.1326
Smp_302860.1	Smp_312630.1	0.036000000000000004
Smp_079220.1	Smp_348850.1	0.18180000000000002
Smp_302170.1	Smp_302180.1	0.0
Smp_302170.1	Smp_303390.1	0.0119
Smp_302170.1	Smp_303400.1	0.0
Smp_302170.1	Smp_303410.1	0.0
Smp_302170.1	Smp_303420.1	0.0009
Smp_302170.1	Smp_303550.1	0.0
Smp_302180.1	Smp_303390.1	0.0119
Smp_302180.1	Smp_303400.1	0.0
Smp_302180.1	Smp_303410.1	0.0
Smp_302180.1	Smp_303420.1	0.0009
Smp_302180.1	Smp_303550.1	0.0
Smp_303390.1	Smp_303400.1	0.0119
Smp_303390.1	Smp_303410.1	0.0119
Smp_303390.1	Smp_303420.1	0.0128
Smp_303390.1	Smp_303550.1	0.0119
Smp_303400.1	Smp_303410.1	0.0
Smp_303400.1	Smp_303420.1	0.0009
Smp_303400.1	Smp_303550.1	0.0
Smp_303410.1	Smp_303420.1	0.0009
Smp_303410.1	Smp_303550.1	0.0
Smp_303420.1	Smp_303550.1	0.0009
Smp_311660.1	Smp_311670.1	0.0
Smp_311660.1	Smp_337730.1	0.0
Smp_311670.1	Smp_337730.1	0.0
Smp_303070.1	Smp_303760.1	0.0
Smp_141550.1	Smp_141560.1	0.0092
Smp_141550.1	Smp_160250.1	7.8583
Smp_141550.1	Smp_313710.1	2.1002
Smp_141550.1	Smp_316760.1	2.1111
Smp_141560.1	Smp_160250.1	7.8491
Smp_141560.1	Smp_313710.1	2.091
Smp_141560.1	Smp_316760.1	2.1019
Smp_160250.1	Smp_313710.1	5.7581
Smp_160250.1	Smp_316760.1	5.769
Smp_313710.1	Smp_316760.1	0.0109
Smp_316490.1	Smp_331120.1	0.025500000000000002
Smp_316490.1	Smp_341290.1	0.10959999999999999
Smp_331120.1	Smp_341290.1	0.1161
Smp_330900.1	Smp_344300.1	0.0
Smp_101230.1	Smp_316680.1	0.0
Smp_185420.1	Smp_205660.1	0.3235
Smp_304140.1	Smp_314620.1	0.0203
Smp_243170.1	Smp_349030.1	0.0386
Smp_328510.1	Smp_328520.2	0.0
Smp_328710.1	Smp_336070.1	0.0041
Smp_306970.1	Smp_309700.1	0.0387
Smp_306970.1	Smp_032370.1	0.1872
Smp_309700.1	Smp_032370.1	0.17350000000000002
Smp_302810.1	Smp_314020.1	0.1053
Smp_327500.1	Smp_331990.1	0.0
Smp_305200.1	Smp_314650.1	0.0
Smp_306290.1	Smp_306300.1	0.0
Smp_308140.1	Smp_308145.1	0.0599
Smp_330010.1	Smp_332090.1	0.8817
Smp_000280.1	Smp_326610.1	0.19419999999999998
Smp_328600.3	Smp_336700.1	43.6144
Smp_142860.1	Smp_336380.1	0.0059
Smp_142860.1	Smp_350170.1	0.028499999999999998
Smp_336380.1	Smp_350170.1	0.028399999999999998
Smp_321790.1	Smp_347250.1	0.44120000000000004
Smp_334555.1	Smp_348380.1	1.0289
Smp_303260.1	Smp_303280.1	0.0
Smp_319690.1	Smp_319700.1	0.0
Smp_137250.1	Smp_340550.1	0.0569
Smp_180330.1	Smp_337000.1	116.3388
Smp_331680.1	Smp_331690.1	0.0
Smp_312580.1	Smp_332640.1	0.0
Smp_337880.1	Smp_337890.1	0.0
Smp_337880.1	Smp_337900.1	0.0174
Smp_337890.1	Smp_337900.1	0.0174
Smp_300370.1	Smp_332780.1	0.0
Smp_024930.1	Smp_337830.1	0.0
Smp_179250.1	Smp_247760.1	0.0055
Smp_180000.1	Smp_350050.1	0.0
Smp_309680.1	Smp_309690.1	0.0
Smp_303010.1	Smp_314170.1	0.0733
Smp_303010.1	Smp_316790.1	0.0487
Smp_303010.1	Smp_332150.1	1.5255
Smp_303010.1	Smp_335780.1	1.544
Smp_303010.1	Smp_335930.1	24.36
Smp_303010.1	Smp_348060.1	1.6163
Smp_314170.1	Smp_316790.1	0.0832
Smp_314170.1	Smp_332150.1	1.56
Smp_314170.1	Smp_335780.1	1.5785
Smp_314170.1	Smp_335930.1	24.394499999999997
Smp_314170.1	Smp_348060.1	1.6508
Smp_316790.1	Smp_332150.1	1.5354
Smp_316790.1	Smp_335780.1	1.5539
Smp_316790.1	Smp_335930.1	24.369899999999998
Smp_316790.1	Smp_348060.1	1.6262
Smp_332150.1	Smp_335780.1	3.0307
Smp_332150.1	Smp_335930.1	25.8467
Smp_332150.1	Smp_348060.1	3.1029999999999998
Smp_335780.1	Smp_335930.1	25.865199999999998
Smp_335780.1	Smp_348060.1	3.1215
Smp_335930.1	Smp_348060.1	25.9375
Smp_300380.1	Smp_300390.1	0.0
Smp_309710.1	Smp_309720.1	0.0
Smp_093780.1	Smp_322080.1	0.0
Smp_132470.1	Smp_018800.1	0.1158
Smp_132470.1	Smp_335900.1	0.1558
Smp_018800.1	Smp_335900.1	0.139
Smp_078490.1	Smp_139450.1	0.1521
Smp_349900.1	Smp_350130.1	0.5535
Smp_349900.1	Smp_350250.1	0.5912000000000001
Smp_349900.1	Smp_350400.1	0.5446000000000001
Smp_350130.1	Smp_350250.1	0.0749
Smp_350130.1	Smp_350400.1	0.0283
Smp_350250.1	Smp_350400.1	0.066
Smp_077890.1	Smp_112450.1	0.0053
Smp_067060.1	Smp_103610.1	0.1544
Smp_174300.1	Smp_318660.1	1.9582000000000002
Smp_202700.1	Smp_350510.1	243.6726
Smp_040570.1	Smp_320200.1	0.0
Smp_059790.1	Smp_302460.1	0.020700000000000003
Smp_164880.1	Smp_327030.1	0.1796
Smp_052630.1	Smp_180260.1	0.11929999999999999
Smp_138750.1	Smp_310040.1	0.18630000000000002
Smp_138750.1	Smp_310050.1	0.2172
Smp_310040.1	Smp_310050.1	0.0741
Smp_300790.1	Smp_332960.1	0.0
Smp_336365.1	Smp_349460.1	0.0
Smp_336365.1	Smp_349770.1	0.0
Smp_349460.1	Smp_349770.1	0.0
Smp_323170.1	Smp_323180.1	0.0
Smp_323170.1	Smp_323200.1	0.0
Smp_323180.1	Smp_323200.1	0.0
Smp_128520.1	Smp_128530.1	0.0026999999999999997
Smp_245890.1	Smp_311520.1	144.1292
Smp_331320.1	Smp_331340.1	0.0215
Smp_315420.1	Smp_316270.1	0.0012
Smp_304250.1	Smp_304260.1	0.0265
Smp_300410.1	Smp_332840.1	0.0
Smp_130620.1	Smp_146440.1	0.0271
Smp_317860.1	Smp_317870.1	0.0084
Smp_317860.1	Smp_348710.1	0.0056
Smp_317870.1	Smp_348710.1	0.0028
